{"cameraMode":{"drawMode":0,"name":"Shaded","section":"Shading Mode"},"sceneLighting":false,"audioPlay":false,"sceneViewState":{"m_AlwaysRefresh":false,"showFog":true,"showSkybox":true,"showFlares":true,"showImageEffects":true,"showParticleSystems":true,"showVisualEffectGraphs":true,"m_FxEnabled":false},"in2DMode":false,"pivot":{"x":1158.9610595703125,"y":127.75626373291016,"z":-535.007080078125},"rotation":{"x":0.0891479030251503,"y":0.40035614371299746,"z":-0.039094362407922748,"w":0.9111445546150208},"size":0.8660253882408142,"orthographic":false}