{"cameraMode":{"drawMode":0,"name":"Shaded","section":"Shading Mode"},"sceneLighting":false,"audioPlay":false,"sceneViewState":{"m_AlwaysRefresh":false,"showFog":true,"showSkybox":false,"showFlares":true,"showImageEffects":true,"showParticleSystems":true,"showVisualEffectGraphs":true,"m_FxEnabled":true},"in2DMode":false,"pivot":{"x":9.977788925170899,"y":7.2809271812438969,"z":-6.0709967613220219},"rotation":{"x":0.3027658760547638,"y":-0.26169127225875857,"z":0.08673051744699478,"w":0.9122826457023621},"size":1.4142144918441773,"orthographic":false}