{"cameraMode":{"drawMode":0,"name":"Shaded","section":"Shading Mode"},"sceneLighting":true,"audioPlay":false,"sceneViewState":{"m_AlwaysRefresh":false,"showFog":true,"showSkybox":false,"showFlares":true,"showImageEffects":true,"showParticleSystems":true,"showVisualEffectGraphs":true,"m_FxEnabled":true},"in2DMode":false,"pivot":{"x":194.60281372070313,"y":-169.1837921142578,"z":288.4765930175781},"rotation":{"x":0.23240651190280915,"y":-0.050211936235427859,"z":0.012408140115439892,"w":0.971164882183075},"size":206.88446044921876,"orthographic":false}