{"cameraMode":{"drawMode":0,"name":"Shaded","section":"Shading Mode"},"sceneLighting":false,"audioPlay":false,"sceneViewState":{"m_AlwaysRefresh":false,"showFog":true,"showSkybox":false,"showFlares":true,"showImageEffects":true,"showParticleSystems":true,"showVisualEffectGraphs":true,"m_FxEnabled":true},"in2DMode":false,"pivot":{"x":-1.1816749572753907,"y":3.7097039222717287,"z":-0.2496545910835266},"rotation":{"x":-0.29866909980773928,"y":-0.6467012763023377,"z":0.30606722831726076,"w":-0.6315088272094727},"size":1.9422458410263062,"orthographic":false}