{"cameraMode":{"drawMode":0,"name":"Shaded","section":"Shading Mode"},"sceneLighting":true,"audioPlay":false,"sceneViewState":{"m_AlwaysRefresh":false,"showFog":true,"showSkybox":false,"showFlares":true,"showImageEffects":true,"showParticleSystems":true,"showVisualEffectGraphs":true,"m_FxEnabled":true},"in2DMode":false,"pivot":{"x":243.96054077148438,"y":-136.9276580810547,"z":12.3802490234375},"rotation":{"x":0.24136947095394135,"y":0.03141264617443085,"z":-0.007300523109734058,"w":0.9698226451873779},"size":210.55503845214845,"orthographic":false}