{"cameraMode":{"drawMode":0,"name":"Shaded","section":"Shading Mode"},"sceneLighting":false,"audioPlay":false,"sceneViewState":{"m_AlwaysRefresh":false,"showFog":true,"showSkybox":false,"showFlares":true,"showImageEffects":true,"showParticleSystems":true,"showVisualEffectGraphs":true,"m_FxEnabled":true},"in2DMode":false,"pivot":{"x":1.8899786472320557,"y":-1.0758976936340333,"z":-0.5119290947914124},"rotation":{"x":0.30142301321029665,"y":0.43034788966178896,"z":-0.15521575510501862,"w":0.8365298509597778},"size":3.3899407386779787,"orthographic":false}