{"cameraMode":{"drawMode":0,"name":"Shaded","section":"Shading Mode"},"sceneLighting":false,"audioPlay":false,"sceneViewState":{"m_AlwaysRefresh":false,"showFog":true,"showSkybox":false,"showFlares":true,"showImageEffects":true,"showParticleSystems":true,"showVisualEffectGraphs":true,"m_FxEnabled":true},"in2DMode":false,"pivot":{"x":13.304000854492188,"y":2.5608577728271486,"z":1.0035535097122193},"rotation":{"x":0.10229393094778061,"y":0.4525682032108307,"z":-0.05177370831370354,"w":0.8842697739601135},"size":1.4510042667388917,"orthographic":false}